grid_id,risk_soil_depth,risk_stone_content,risk_fault,risk_hydro,risk_fracture_density,risk_drainage,infrastructure_vulnerability,dynamic_signal,risk_road_load,total_road_length,road_area_ratio,road_type_score,major_road_presence,road_density,road_network_complexity,soil_pipe_risk,fault_pipe_risk,hydro_pipe_risk,fracture_pipe_risk,drainage_pipe_risk,pothole_pipe_risk,soil_road_stress,fault_road_stress,drainage_road_risk,pothole_drainage_risk,neighboring_pipe_risk_avg,neighboring_pipe_risk_min,neighboring_pipe_risk_max,neighboring_drainage_risk_avg,min_distance_to_sinkhole,nearby_sinkhole_grid_count,nearby_sinkhole_total_count,sinkhole_spatial_stddev,weighted_sinkhole_density,sinkhole_area_pipe_risk,pothole_kde_density,pothole_pipe_interaction,pothole_drainage_interaction,score,distance_to_cutoff
56041,0.25,0.0,4.965056505860479e-07,0.2,0.8175744761936437,0.0,1.0,0.0,0.19927781444315013,203.85110003882835,0.20385110003882834,0.5,0,0.020385110003882836,0.1,0.25,4.965056505860479e-07,0.2,0.8175744761936437,0.0,0.0,0.04981945361078753,0.0,0.0,0.0,1.0,1.0,1.0,0.9197287839020123,0.0,1,1.0,187.77464239653554,102.05470019622524,0.9285329042762863,0.43885289047430964,2.1789293989651473e-07,0.0,0.9999999999755866,0.0
43702,0.25,0.0,1.3279617787843337e-06,0.7,0.0,0.25,1.0,0.0,0.2481272922622417,68.13039386553375,0.06813039386553374,0.75,0,0.006813039386553375,0.1,0.25,1.3279617787843337e-06,0.7,0.0,0.25,0.0,0.062031823065560425,0.0,0.017032598466383435,0.0,0.7659793975384926,0.05958688149255313,1.0,0.25,0.0,2,4.0,193.07465027468893,200.9440167647793,0.8155622056789273,0.4565296158609131,6.062538807463868e-07,0.11413240396522828,0.9999999999755866,0.0
80829,1.0,0.0,0.027049371577474293,0.19002714581122518,0.8175744761936437,0.937007874015748,1.0,0.0,0.0,0.0,0.0,0.0,0,0.0,0.0,1.0,0.027049371577474293,0.19002714581122518,0.8175744761936437,0.937007874015748,0.0,0.0,0.0,0.0,0.0,0.6802206230402895,0.03992368014449103,1.0,0.8719378827646544,0.0,1,1.0,0.0,100.0,0.716950501201795,0.295646746937202,0.007997058713575887,0.2770233298072995,0.9999999999755866,0.0
102916,1.0,0.0,2.3640198054351508e-07,0.7,0.37754066879814546,0.937007874015748,1.0,0.0,0.187015070110101,451.6065370076444,0.4516065370076444,0.2,0,0.04516065370076444,0.4,1.0,2.3640198054351508e-07,0.7,0.37754066879814546,0.937007874015748,0.0,0.187015070110101,0.0,0.42315888113314715,0.0,0.8828961182449202,0.06264401157615844,1.0,0.7982830271216098,0.0,1,1.0,291.547594742265,100.24253562503634,0.9385598499910532,0.09125576509515854,2.157304360450925e-08,0.085507370443495,0.9999999999755866,0.0
96205,1.0,0.0,0.016747309776254837,0.2,0.6224593312018546,0.6246719160104987,1.0,0.0,0.20284460873128132,507.81163375598425,0.5078116337559843,0.25,0,0.050781163375598425,0.3,1.0,0.016747309776254837,0.2,0.6224593312018546,0.6246719160104987,0.0,0.20284460873128132,0.0,0.3172156662307723,0.0,0.960959904681815,0.06303771236356001,1.0,0.5778379265091863,0.0,1,1.0,300.0,100.23570226039551,0.9538335905919946,0.040985700523810065,0.0006864002230690572,0.02560261607524093,0.9999999999755866,0.0
75806,1.0,0.0,0.0001095377028286637,0.7,0.37754066879814546,0.937007874015748,1.0,0.0,0.0,0.0,0.0,0.0,0,0.0,0.0,1.0,0.0001095377028286637,0.7,0.37754066879814546,0.937007874015748,0.0,0.0,0.0,0.0,0.0,1.0,1.0,1.0,0.7407511561054868,0.0,1,1.0,0.0,100.0,0.9843124127933701,0.30535483537875546,3.344786721501364e-05,0.28611988511867636,0.9999999999755866,0.0
56015,1.0,0.0,6.933410697734818e-10,0.2,0.8175744761936437,0.937007874015748,1.0,0.0,0.2123838580785778,583.2700576831863,0.5832700576831863,0.23333333333333334,0,0.05832700576831863,0.3,1.0,6.933410697734818e-10,0.2,0.8175744761936437,0.937007874015748,0.0,0.2123838580785778,0.0,0.5465286367267651,0.0,0.7580960998083371,0.0035228662935479008,1.0,0.937007874015748,0.0,1,1.0,353.5533905932738,100.2,0.728841999038732,0.3244320710612346,2.2494207921842267e-10,0.30399540516761353,0.9999999999755866,0.0
15728,0.0,0.12143739043822846,1.685913639405703e-05,0.7,0.0,0.937007874015748,1.0,0.0,0.0,0.0,0.0,0.0,0,0.0,0.0,0.0,1.685913639405703e-05,0.7,0.0,0.937007874015748,0.0,0.0,0.0,0.0,0.0,0.9149657403833125,0.06462314421643808,1.0,0.7146862324027679,0.0,1,1.0,0.0,100.0,0.8900328602582871,0.33898760483979135,5.71503826588875e-06,0.3176340549286234,0.9999999999755866,0.0
80529,1.0,0.0,0.01584758973356667,0.7,0.8175744761936437,0.937007874015748,0.03992368014449103,0.0013123359580052493,0.42488801127147474,382.17985942391624,0.38217985942391625,0.5375,1,0.038217985942391626,0.4,0.03992368014449103,0.0006326941035840357,0.027946576101143723,0.03264058188185483,0.03740880265507428,5.239328102951579e-05,0.42488801127147474,0.01584758973356667,0.3581055375704412,0.0012296691260049186,0.8401513220188326,0.03992368014449103,1.0,0.8198818897637795,0.0,2,2.0,212.13203435596427,100.33333333333333,0.8741916172746615,0.1885936321709602,0.00011932207904806302,0.1767137183334194,0.9999999999755866,0.0
73617,0.65,0.0,1.1865033967288464e-05,0.2,0.37754066879814546,0.6246719160104987,1.0,0.0,0.19662754202022356,293.8958518179647,0.2938958518179647,0.4,0,0.02938958518179647,0.2,0.65,1.1865033967288464e-05,0.2,0.37754066879814546,0.6246719160104987,0.0,0.12780790231314532,0.0,0.1835884848626656,0.0,0.8803657433499726,0.04266347960818082,1.0,0.6855314960629921,0.0,1,1.0,0.0,100.0,0.8901417107747094,0.04947360177466259,5.870059655404745e-07,0.030904769612518885,0.9999999999755866,0.0
2405,0.0,0.0,1.867094488827617e-34,0.0,0.0,0.0,0.0,0.0,0.0,0.0,0.0,0.0,0,0.0,0.0,0.0,0.0,0.0,0.0,0.0,0.0,0.0,0.0,0.0,0.0,0.0,0.0,0.0,0.0,0.0,1,1.0,0.0,100.0,0.0,0.09638492963689727,0.0,0.0,0.9999999999755866,0.0
98476,0.0,0.0,8.026864128791101e-13,0.0,0.0,0.0,0.0,0.0,0.0,0.0,0.0,0.0,0,0.0,0.0,0.0,0.0,0.0,0.0,0.0,0.0,0.0,0.0,0.0,0.0,0.0,0.0,0.0,0.0,0.0,1,1.0,0.0,100.0,0.0,0.4123672886316601,0.0,0.0,0.9999999999755866,0.0
19713,0.0,0.49999999999604744,2.4305474055437458e-05,0.2,0.0,0.6246719160104987,1.0,0.0,0.18175661128597795,268.61581517473235,0.2686158151747323,0.3333333333333333,0,0.026861581517473233,0.3,0.0,2.4305474055437458e-05,0.2,0.0,0.6246719160104987,0.0,0.0,0.0,0.16779675593592203,0.0,0.844284303563632,0.06422944342903651,1.0,0.650754593175853,0.0,1,1.0,0.0,100.0,0.8468467010655577,0.20214521183307715,4.913235201639766e-06,0.12627443678811642,0.9999999999755866,0.0
75787,1.0,0.0,0.002361989109304693,0.7,0.37754066879814546,0.937007874015748,0.042269778820779244,0.0013123359580052493,0.3464182874093653,915.6075119051618,0.9156075119051619,0.36666666666666664,0,0.09156075119051618,0.6,0.042269778820779244,9.984075722739874e-05,0.029588845174545467,0.015958560565946682,0.03960711558797425,5.5472150683437326e-05,0.3464182874093653,0.0,0.8579314481631044,0.0012296691260049186,0.9201891482350649,0.042269778820779244,1.0,0.937007874015748,0.0,1,1.0,0.0,100.0,0.9215427016330445,0.40964234483030704,4.089900190026504e-05,0.38383810263627194,0.9999999999755866,0.0
4999,0.0,0.0,3.0665749096913457e-10,0.0,0.0,0.0,0.0,0.0,0.0,0.0,0.0,0.0,0,0.0,0.0,0.0,0.0,0.0,0.0,0.0,0.0,0.0,0.0,0.0,0.0,0.0,0.0,0.0,0.0,0.0,1,2.0,0.0,200.0,0.0,0.10960354179752696,0.0,0.0,0.9999999999755866,0.0
89233,1.0,0.6825662925562133,2.750679230516582e-05,0.2,0.6224593312018546,0.6246719160104987,1.0,0.0,0.0,0.0,0.0,0.0,0,0.0,0.0,1.0,2.750679230516582e-05,0.2,0.6224593312018546,0.6246719160104987,0.0,0.0,0.0,0.0,0.0,0.9599901265785454,0.03976303788509043,1.0,0.4789752843394576,0.0,1,1.0,0.0,100.0,0.9527752313713979,0.403850156271366,1.1108622370965224e-05,0.2522738508991735,0.9999999999755866,0.0
71136,1.0,0.0,2.6779518800220034e-08,0.2,0.6224593312018546,0.937007874015748,1.0,0.0,0.2627701477066597,1000.4733517321034,1.0004733517321034,0.2,0,0.10004733517321034,0.1,1.0,2.6779518800220034e-08,0.2,0.6224593312018546,0.937007874015748,0.0,0.2627701477066597,0.0,0.9374514083159079,0.0,0.9185601913977456,0.02252544637924696,1.0,0.8146872265966754,0.0,1,3.0,0.0,300.0,0.9519532974145467,0.27467053246607903,7.355544688041811e-09,0.25736845168081424,0.9999999999755866,0.0
36563,0.0,0.20435217458458077,0.03978943317050667,0.7,0.8175744761936437,0.6246719160104987,0.05112532759577336,0.015748031496062992,0.2509486910928492,686.1086591764357,0.6861086591764358,0.2625,0,0.06861086591764357,0.4,0.0,0.0020342478056922845,0.03578772931704135,0.04179876292934284,0.03193655634591616,0.0008051232692247773,0.0,0.0,0.42859281071913835,0.009837353008039349,0.6826257653665703,0.04679461893435603,1.0,0.7895341207349081,0.0,1,1.0,0.0,100.0,0.7815284410049419,0.24368945272808784,0.0004957247344824664,0.15222595734720448,0.9999999999755866,0.0
73759,0.65,1.0,2.1490400145090775e-07,0.2,0.8175744761936437,0.6246719160104987,1.0,0.0,0.23294017384246216,741.856747648262,0.741856747648262,0.2,0,0.0741856747648262,0.3,0.65,2.1490400145090775e-07,0.2,0.8175744761936437,0.6246719160104987,0.0,0.1514111129976004,0.0,0.46341707595875686,0.0,0.840020088423032,0.03992368014449103,1.0,0.6333661417322834,0.0,2,3.0,0.0,300.0,0.905592080065845,0.02365888780652864,5.0843896595010945e-09,0.01477904277678167,0.9999999999755866,0.0
77141,1.0,0.013750123465399468,6.901634980690064e-05,0.2,0.8175744761936437,0.937007874015748,1.0,0.0,0.28919809417111364,462.93638981533434,0.4629363898153344,0.5666666666666667,0,0.046293638981533436,0.3,1.0,6.901634980690064e-05,0.2,0.8175744761936437,0.937007874015748,0.0,0.28919809417111364,0.0,0.4337750424253921,0.0,0.8400364926225069,0.03992368014449103,1.0,0.8068678915135608,0.0,1,3.0,0.0,300.0,0.905592080065845,0.3604483901532692,2.4876832182152226e-05,0.33774297974991363,0.9999999999755866,0.0
77165,0.25,0.0,5.990291271205747e-05,0.3943498297415904,0.8175744761936437,0.0,1.0,0.0,0.3393877695149558,853.1693558727844,0.8531693558727842,0.38333333333333336,0,0.08531693558727844,0.6,0.25,5.990291271205747e-05,0.3943498297415904,0.8175744761936437,0.0,0.0,0.08484694237873895,0.0,0.0,0.0,0.7601285578313983,0.03992368014449103,1.0,0.6246719160104987,0.0,1,1.0,0.0,100.0,0.7955355616262495,0.3105506865032234,1.860289066627212e-05,0.0,0.9999999999755866,0.0
103535,1.0,0.0,8.02597286931758e-08,0.2,0.37754066879814546,0.937007874015748,1.0,0.0,0.3185339458229802,1030.3873528818945,1.030387352881894,0.2,0,0.10303873528818945,0.6,1.0,8.02597286931758e-08,0.2,0.37754066879814546,0.937007874015748,0.0,0.3185339458229802,0.0,0.965481062936578,0.0,1.0,1.0,1.0,0.8502843394575678,0.0,2,2.0,213.15630511549514,100.57586895836967,1.0,0.24544205625889343,1.9699112845233978e-08,0.22998113932919936,0.9999999999755866,0.0
103292,0.65,0.3572591614119161,1.4451269305514304e-09,0.7,0.37754066879814546,0.6246719160104987,1.0,0.0,0.2920814921707481,296.25184435113215,0.29625184435113217,0.75,0,0.029625184435113215,0.1,0.65,1.4451269305514304e-09,0.7,0.37754066879814546,0.6246719160104987,0.0,0.18985296991098627,0.0,0.18506020723246575,0.0,1.0,1.0,1.0,0.6862920544022906,0.0,1,1.0,353.5533905932738,100.2,0.9536739050119419,0.45129300438298603,6.521756742033178e-10,0.2819100657300542,0.9999999999755866,0.0
29062,0.0,0.0,1.828321929438052e-12,0.0,0.0,0.0,0.0,0.0,0.0,0.0,0.0,0.0,0,0.0,0.0,0.0,0.0,0.0,0.0,0.0,0.0,0.0,0.0,0.0,0.0,0.0,0.0,0.0,0.0,0.0,1,1.0,0.0,100.0,0.0,0.12472625584960384,0.0,0.0,0.9999999999755866,0.0
70803,1.0,0.3654720499511718,2.345156333333067e-09,0.2,0.6224593312018546,0.937007874015748,0.0,0.0,0.19861323506077863,226.35184949661073,0.2263518494966107,0.45,0,0.02263518494966107,0.2,0.0,0.0,0.0,0.0,0.0,0.0,0.19861323506077863,0.0,0.21209346527635176,0.0,0.0,0.0,0.0,0.7042173705559532,0.0,2,2.0,141.4213562373095,100.5,0.0,0.39323213842973853,0.0,0.3684616100247156,0.9999999999755866,0.0
33547,0.0,0.0,0.0007983965662415544,0.45916372729752614,0.0,0.8333333333333334,0.06462314421643808,0.0026246719160104987,0.5026407965421964,761.0629081453371,0.7610629081453372,0.52,1,0.07610629081453371,0.5,0.0,5.159489644213693e-05,0.02967260376810528,0.0,0.053852620180365074,0.00016961455174918132,0.0,0.0007983965662415544,0.6342190901211143,0.0021872265966754157,0.8830614888275797,0.06422944342903651,1.0,0.8159448818897638,0.0,1,1.0,282.842712474619,100.25,0.8315965576959292,0.03134419069991712,1.6172002732248152e-06,0.0261201589165976,0.9999999999755866,0.0
85536,1.0,0.0,0.022223124946682413,0.2,0.6224593312018546,0.937007874015748,1.0,0.0,0.4333197413142079,717.8767918667851,0.7178767918667851,0.35,1,0.07178767918667851,0.4,1.0,0.022223124946682413,0.2,0.6224593312018546,0.937007874015748,0.0,0.4333197413142079,0.022223124946682413,0.6726562065523419,0.0,0.7200457154461434,0.03976303788509043,1.0,0.8979658792650919,0.0,1,1.0,0.0,100.0,0.7954884181681016,0.2927828478210866,0.00650654980937351,0.2743398337851126,0.9999999999755866,0.0
43122,1.0,0.0,0.0003542127143479172,0.2,0.0,0.8333333333333334,0.1254042776887419,0.0013123359580052493,0.17616836473436273,551.0117670052225,0.5510117670052225,0.2,0,0.05510117670052225,0.1,0.1254042776887419,4.4419789590969223e-05,0.025080855537748383,0.0,0.10450356474061825,0.0001645725428986114,0.17616836473436273,0.0,0.45917647250435206,0.0010936132983377078,0.7813838778211356,0.1254042776887419,1.0,0.7592957130358705,0.0,1,1.0,0.0,100.0,0.813668834705578,0.38881371593688596,1.7271023451999353e-05,0.324011429947405,0.9999999999755866,0.0
96164,0.0,0.0,0.013625771122629889,0.7,0.37754066879814546,0.6246719160104987,1.0,0.0,0.23043697289550294,676.9653756822065,0.6769653756822066,0.2,0,0.06769653756822065,0.4,0.0,0.013625771122629889,0.7,0.37754066879814546,0.6246719160104987,0.0,0.0,0.0,0.42288125830017104,0.0,0.8829125224443951,0.06264401157615844,1.0,0.6898786089238845,0.0,2,2.0,141.4213562373095,100.5,0.9078655914316553,0.21088037459284542,0.002873407718456567,0.13173104764592442,0.9999999999755866,0.0
12956,0.0,0.0,2.910190783591455e-08,0.0,0.0,0.0,0.0,0.0,0.0,0.0,0.0,0.0,0,0.0,0.0,0.0,0.0,0.0,0.0,0.0,0.0,0.0,0.0,0.0,0.0,0.0,0.0,0.0,0.0,0.0,1,1.0,0.0,100.0,0.0,0.16241333854198386,0.0,0.0,0.9999999999755866,0.0
63247,0.0,0.0,1.1305619795983553e-12,0.0,0.0,0.0,0.0,0.0,0.0,0.0,0.0,0.0,0,0.0,0.0,0.0,0.0,0.0,0.0,0.0,0.0,0.0,0.0,0.0,0.0,0.0,0.0,0.0,0.0,0.0,2,2.0,70.71067811865476,101.0,0.0,0.05872967360829057,0.0,0.0,0.9999999999755866,0.0
74139,1.0,0.0,2.9525817231754016e-07,0.2,0.8175744761936437,0.937007874015748,0.06364011651867052,0.006561679790026247,0.12669280352520032,294.2345577711422,0.29423455777114216,0.2,0,0.029423455777114218,0.1,0.06364011651867052,1.8790264489377954e-08,0.012728023303734105,0.0520305349276545,0.05963129028127395,0.0004175860663954758,0.12669280352520032,0.0,0.27570009743910173,0.006148345630024594,0.8827909725700831,0.06206531336906422,1.0,0.8460192475940508,0.0,2,2.0,264.5751311064591,101.2,0.8924262377159026,0.18339746669367385,3.4460869058560155e-09,0.1718448703665133,0.9999999999755866,0.0
48028,0.65,0.5,2.978180671396067e-07,0.2,0.0,0.6246719160104987,1.0,0.0,0.1886278963705145,615.6764960897367,0.6156764960897367,0.2,0,0.06156764960897367,0.1,0.65,2.978180671396067e-07,0.2,0.0,0.6246719160104987,0.0,0.12260813264083442,0.0,0.3845958164550061,0.0,0.890757555708468,0.1254042776887419,1.0,0.7287839020122485,0.0,1,2.0,240.04719372381462,200.6357022603955,0.8997075516800427,0.4119465840722233,1.22685135433153e-07,0.2573314619663757,0.9999999999755866,0.0
51087,1.0,0.19162213101225875,1.406891422927285e-06,0.2,0.0,0.937007874015748,1.0,0.0,0.5796903807617879,771.7002107475653,0.7717002107475652,0.77,1,0.07717002107475653,0.5,1.0,1.406891422927285e-06,0.2,0.0,0.937007874015748,0.0,0.5796903807617879,1.406891422927285e-06,0.7230891738500808,0.0,0.890757555708468,0.1254042776887419,1.0,0.7808398950131233,0.0,1,1.0,0.0,100.0,0.8116901411148735,0.08925306464794791,1.2556937112317238e-07,0.0836308243551638,0.9999999999755866,0.0
28686,0.65,0.4382874227962783,2.9719657866741127e-06,0.2,0.0,0.6246719160104987,1.0,0.0,0.1361010362416108,343.063104263653,0.343063104263653,0.2,0,0.0343063104263653,0.1,0.65,2.9719657866741127e-06,0.2,0.0,0.6246719160104987,0.0,0.08846567355704701,0.0,0.21430188665288558,0.0,0.6827340675953977,0.03846823045317675,1.0,0.6593941382327209,0.0,1,1.0,0.0,100.0,0.7660334853225752,0.10734969896296592,3.190396325277002e-07,0.06705834213434617,0.9999999999755866,0.0
20387,0.0,0.23775369613742928,7.516661488811584e-05,0.2,0.0,0.8333333333333334,1.0,0.0,0.4381292092941762,690.9380307093456,0.6909380307093458,0.4166666666666667,1,0.06909380307093456,0.3,0.0,7.516661488811584e-05,0.2,0.0,0.8333333333333334,0.0,0.0,7.516661488811584e-05,0.5757816922577882,0.0,0.67975187734266,0.03846823045317675,1.0,0.7853237095363079,0.0,1,2.0,0.0,200.0,0.7479821149194339,0.08598094400247147,6.4628965055504265e-06,0.07165078666872624,0.9999999999755866,0.0
69166,0.65,0.5,1.1222566967574115e-07,0.2,0.8175744761936437,0.6246719160104987,1.0,0.0,0.16807512756068832,509.0080220382878,0.5090080220382878,0.2,0,0.050900802203828775,0.1,0.65,1.1222566967574115e-07,0.2,0.8175744761936437,0.6246719160104987,0.0,0.10924883291444741,0.0,0.31796301639137137,0.0,0.6874243777812876,0.04110478250669576,1.0,0.6593941382327209,0.0,3,4.0,100.0,102.0,0.675714854623466,0.46730925104177923,5.244409364383271e-08,0.29191496521769933,0.9999999999755866,0.0
82034,1.0,0.13841974519028633,4.32049024348209e-05,0.2,0.6224593312018546,0.6246719160104987,1.0,0.0,0.4865960654784358,319.68239281787834,0.3196823928178783,0.85,1,0.03196823928178783,0.2,1.0,4.32049024348209e-05,0.2,0.6224593312018546,0.6246719160104987,0.0,0.4865960654784358,4.32049024348209e-05,0.19969661283636492,0.0,0.9200592568099412,0.03992368014449103,1.0,0.7437195350581177,0.0,1,1.0,0.0,100.0,0.9528476729230735,0.48562372008055854,2.098132544611531e-05,0.30335549968286857,0.9999999999755866,0.0
94328,0.0,0.04136651728381622,0.2480054145305675,0.7,0.6224593312018546,0.937007874015748,1.0,0.0,0.35287747203291236,1254.0419234578994,1.2540419234578994,0.2375,0,0.12540419234578995,0.4,0.0,0.2480054145305675,0.7,0.6224593312018546,0.937007874015748,0.0,0.0,0.0,1.1750471566259058,0.0,0.8439708523230603,0.06264401157615844,1.0,0.7983377077865267,0.0,1,1.0,0.0,100.0,0.8772616904300217,0.01064315717401193,0.002639560606854812,0.009972722076436376,0.9999999999755866,0.0
58176,0.65,0.4999999999999999,1.7282770083002692e-09,0.2,0.8175744761936437,0.6246719160104987,1.0,0.0,0.6449469215370505,1202.0700593615131,1.202070059361513,0.5777777777777777,1,0.12020700593615131,0.9,0.65,1.7282770083002692e-09,0.2,0.8175744761936437,0.6246719160104987,0.0,0.41921549899908284,1.7282770083002692e-09,0.7508994071602102,0.0,0.9602675610381604,0.04642146491584724,1.0,0.7417979002624672,0.0,1,4.0,300.0,400.2357022603955,0.927339751334326,0.3464060834456579,5.98685669554475e-10,0.2163901518636918,0.9999999999755866,0.0
78720,1.0,0.0,0.0006245791352863016,0.7,0.8175744761936437,0.937007874015748,1.0,0.0,0.1638741165320884,487.20485575736205,0.487204855757362,0.2,0,0.0487204855757362,0.1,1.0,0.0006245791352863016,0.7,0.8175744761936437,0.937007874015748,0.0,0.1638741165320884,0.0,0.45651478610335494,0.0,1.0,1.0,1.0,0.8198818897637795,0.0,1,1.0,0.0,100.0,1.0,0.47645485032388063,0.00029758375841825363,0.44644194636647083,0.9999999999755866,0.0
35685,1.0,0.0,0.00010845419105896023,0.7,0.8175744761936437,0.937007874015748,1.0,0.0,0.1878804655128095,507.9977297611209,0.5079977297611209,0.2,0,0.050799772976112094,0.3,1.0,0.00010845419105896023,0.7,0.8175744761936437,0.937007874015748,0.0,0.1878804655128095,0.0,0.47599787276829436,0.0,0.7653492173324121,0.05958688149255313,1.0,0.9162729658792651,0.0,1,1.0,0.0,100.0,0.8310094882716791,0.26550903956765093,2.8795568105151044e-05,0.24878406069724773,0.9999999999755866,0.0
98375,0.65,0.0,2.1989714359521665e-06,0.2,0.6224593312018546,0.6246719160104987,1.0,0.0,0.1344640348817222,282.66729146199816,0.2826672914619982,0.2,0,0.028266729146199817,0.2,0.65,2.1989714359521665e-06,0.2,0.6224593312018546,0.6246719160104987,0.0,0.08740162267311943,0.0,0.17657431855106448,0.0,0.9214975376481876,0.05777360138454994,1.0,0.702755905511811,0.0,1,2.0,0.0,200.0,0.9074317134703789,0.29443872065282795,6.474623363538679e-07,0.183927599777882,0.9999999999755866,0.0
9271,0.0,0.0,1.9620754662629464e-10,0.0,0.0,0.0,0.0,0.0,0.0,0.0,0.0,0.0,0,0.0,0.0,0.0,0.0,0.0,0.0,0.0,0.0,0.0,0.0,0.0,0.0,0.0,0.0,0.0,0.0,0.0,2,5.0,70.71067811865476,203.0,0.0,0.015389194281310303,0.0,0.0,0.9999999999755866,0.0
78738,1.0,0.0,0.0005568895245150231,0.7,0.8175744761936437,0.937007874015748,1.0,0.0,0.17425289492044405,541.0705155839235,0.5410705155839234,0.2,0,0.05410705155839234,0.1,1.0,0.0005568895245150231,0.7,0.8175744761936437,0.937007874015748,0.0,0.17425289492044405,0.0,0.5069873334998967,0.0,1.0,1.0,1.0,0.937007874015748,0.0,1,1.0,0.0,100.0,0.9692480430612808,0.42315721155273944,0.0002356518183367081,0.3965016391714645,0.9999999999755866,0.0
85470,1.0,0.16001447423384194,0.026103931198553983,0.7,0.6224593312018546,0.6246719160104987,1.0,0.0,0.0,0.0,0.0,0.0,0,0.0,0.0,1.0,0.026103931198553983,0.7,0.6224593312018546,0.6246719160104987,0.0,0.0,0.0,0.0,0.0,1.0,1.0,1.0,0.6643544556930384,0.0,1,1.0,0.0,100.0,0.8942929382700296,0.18386694263193915,0.004799650020152611,0.11485651534488586,0.9999999999755866,0.0
82433,1.0,0.0,0.21325014288898222,0.7,0.8175744761936437,0.937007874015748,1.0,0.0,0.32470744813592967,725.0789635290804,0.7250789635290804,0.45,0,0.07250789635290804,0.5,1.0,0.21325014288898222,0.7,0.8175744761936437,0.937007874015748,0.0,0.32470744813592967,0.0,0.6794046981099258,0.0,0.9293862146082658,0.15184717372438677,1.0,0.937007874015748,0.0,1,2.0,0.0,200.0,0.9583133823659469,0.15284544408341133,0.03259431279071741,0.14321738461359015,0.9999999999755866,0.0
97440,0.65,0.0,0.000852187147565271,0.2,0.6224593312018546,0.6246719160104987,1.0,0.0,0.21044969668047106,261.83295355764835,0.26183295355764835,0.5,0,0.026183295355764837,0.1,0.65,0.000852187147565271,0.2,0.6224593312018546,0.6246719160104987,0.0,0.1367923028423062,0.0,0.1635596927735441,0.0,0.6860393631911754,0.05777360138454994,1.0,0.5934492563429571,0.0,1,1.0,0.0,100.0,0.7684147038385912,0.07650411766892418,6.519582581327834e-05,0.04778997376693951,0.9999999999755866,0.0
107,0.0,0.0,8.576990482561434e-13,0.0,0.0,0.0,0.0,0.0,0.0,0.0,0.0,0.0,0,0.0,0.0,0.0,0.0,0.0,0.0,0.0,0.0,0.0,0.0,0.0,0.0,0.0,0.0,0.0,0.0,0.0,1,1.0,0.0,100.0,0.0,0.0996966784127431,0.0,0.0,0.9999999999755866,0.0
102721,0.0,0.0,8.912990271116008e-09,0.0,0.0,0.0,0.0,0.0,0.0,0.0,0.0,0.0,0,0.0,0.0,0.0,0.0,0.0,0.0,0.0,0.0,0.0,0.0,0.0,0.0,0.0,0.0,0.0,0.0,0.0,1,3.0,282.842712474619,300.25,0.0,0.35190574568421895,0.0,0.0,0.9999999999755866,0.0
46185,1.0,0.007302303522929353,1.2581848593393708e-06,0.18605413410164504,0.0,0.937007874015748,1.0,0.0,0.5012080488270944,629.0674376173758,0.6290674376173759,0.6666666666666666,1,0.06290674376173759,0.3,1.0,1.2581848593393708e-06,0.18605413410164504,0.0,0.937007874015748,0.0,0.5012080488270944,1.2581848593393708e-06,0.5894411423343916,0.0,0.8543160672788322,0.1254042776887419,1.0,0.8459098862642169,0.0,2,2.0,265.78334495070635,200.64253562503634,0.8710129197622605,0.05238969168462054,6.59159168630473e-08,0.04908955362574681,0.9999999999755866,0.0
85726,0.65,0.4181950310596475,0.0006126554828586976,0.2,0.6224593312018546,0.6246719160104987,1.0,0.0,0.0,0.0,0.0,0.0,0,0.0,0.0,0.65,0.0006126554828586976,0.2,0.6224593312018546,0.6246719160104987,0.0,0.0,0.0,0.0,0.0,1.0,1.0,1.0,0.6531257456454307,0.0,1,1.0,0.0,100.0,1.0,0.44291971824416587,0.00027135719384851776,0.2766795090344133,0.9999999999755866,0.0
7300,0.0,0.0,2.082838757206894e-29,0.0,0.0,0.0,0.0,0.0,0.0,0.0,0.0,0.0,0,0.0,0.0,0.0,0.0,0.0,0.0,0.0,0.0,0.0,0.0,0.0,0.0,0.0,0.0,0.0,0.0,0.0,1,6.0,0.0,600.0,0.0,0.0989129670959587,0.0,0.0,0.9999999999755866,0.0
19545,0.0,0.0,7.24460456386995e-18,0.0,0.0,0.0,0.0,0.0,0.0,0.0,0.0,0.0,0,0.0,0.0,0.0,0.0,0.0,0.0,0.0,0.0,0.0,0.0,0.0,0.0,0.0,0.0,0.0,0.0,0.0,1,3.0,0.0,300.0,0.0,0.47098708727022665,0.0,0.0,0.9999999999755866,0.0
65879,1.0,1.0,4.66028622873324e-13,0.2,0.8175744761936437,0.6246719160104987,0.0,0.0,0.12121751325559518,265.81790678598156,0.26581790678598155,0.2,0,0.026581790678598158,0.1,0.0,0.0,0.0,0.0,0.0,0.0,0.12121751325559518,0.0,0.16604898114189923,0.0,0.0,0.0,0.0,0.37490014835102137,0.0,1,1.0,0.0,100.0,0.0,0.35596669840355366,0.0,0.22236239952767917,0.9999999999755866,0.0
108381,0.0,0.0,1.0861721360807728e-12,0.0,0.0,0.0,0.0,0.0,0.0,0.0,0.0,0.0,0,0.0,0.0,0.0,0.0,0.0,0.0,0.0,0.0,0.0,0.0,0.0,0.0,0.0,0.0,0.0,0.0,0.0,1,1.0,0.0,100.0,0.0,0.22825966468792863,0.0,0.0,0.9999999999755866,0.0
83014,1.0,0.0,0.7016440317057298,0.7,0.6224593312018546,0.937007874015748,1.0,0.0,0.0,0.0,0.0,0.0,0,0.0,0.0,1.0,0.7016440317057298,0.7,0.6224593312018546,0.937007874015748,0.0,0.0,0.0,0.0,0.0,0.8317764502907482,0.191818299978268,1.0,0.937007874015748,0.0,1,1.0,0.0,100.0,0.8808375263812005,0.4359923436264247,0.30591142577487457,0.40852825898853967,0.9999999999755866,0.0
4976,0.0,0.0,8.928453361425147e-13,0.0,0.0,0.0,0.0,0.0,0.0,0.0,0.0,0.0,0,0.0,0.0,0.0,0.0,0.0,0.0,0.0,0.0,0.0,0.0,0.0,0.0,0.0,0.0,0.0,0.0,0.0,2,2.0,0.0,200.0,0.0,0.34286913911603245,0.0,0.0,0.9999999999755866,0.0
4991,0.0,0.0,4.1758235747453994e-11,0.0,0.0,0.0,0.0,0.0,0.0,0.0,0.0,0.0,0,0.0,0.0,0.0,0.0,0.0,0.0,0.0,0.0,0.0,0.0,0.0,0.0,0.0,0.0,0.0,0.0,0.0,1,1.0,0.0,100.0,0.0,0.1948084166388197,0.0,0.0,0.9999999999755866,0.0
6692,0.0,0.0,1.327263534937583e-30,0.0,0.0,0.0,0.0,0.0,0.0,0.0,0.0,0.0,0,0.0,0.0,0.0,0.0,0.0,0.0,0.0,0.0,0.0,0.0,0.0,0.0,0.0,0.0,0.0,0.0,0.0,1,1.0,0.0,100.0,0.0,0.4293824828719688,0.0,0.0,0.9999999999755866,0.0
77258,1.0,0.3275477731377185,0.00012967610250073832,0.2,0.6224593312018546,0.6246719160104987,0.0,0.0,0.13824017123716964,120.61604086054162,0.12061604086054163,0.35,0,0.012061604086054162,0.1,0.0,0.0,0.0,0.0,0.0,0.0,0.13824017123716964,0.0,0.07534545334595513,0.0,0.0,0.0,0.0,0.38270997375328086,0.0,1,2.0,0.0,200.0,0.0,0.1657750702096224,0.0,0.10355503073461976,0.9999999999755866,0.0
103033,0.0,0.0,1.8885373494766777e-09,0.0,0.0,0.0,0.0,0.0,0.0,0.0,0.0,0.0,0,0.0,0.0,0.0,0.0,0.0,0.0,0.0,0.0,0.0,0.0,0.0,0.0,0.0,0.0,0.0,0.0,0.0,1,1.0,245.7061671997787,100.97360679774998,0.0,0.45766438492973893,0.0,0.0,0.9999999999755866,0.0
74133,1.0,0.0,3.080903834453655e-07,0.2,0.8175744761936437,0.937007874015748,1.0,0.0,0.5110462247906268,855.289230882192,0.8552892308821918,0.3875,1,0.0855289230882192,0.8,1.0,3.080903834453655e-07,0.2,0.8175744761936437,0.937007874015748,0.0,0.5110462247906268,3.080903834453655e-07,0.8014127438974867,0.0,0.804695365482072,0.06206531336906422,1.0,0.8764763779527559,0.0,2,2.0,251.66114784235833,100.53333333333333,0.7866660806983601,0.13647803201199593,4.204756921444469e-08,0.1278809906254135,0.9999999999755866,0.0
46186,1.0,0.0,1.8931349136188936e-06,0.15586475749014025,0.0,0.937007874015748,0.1254042776887419,0.0013123359580052493,0.1941150888584245,203.00655738998026,0.2030065573899803,0.4166666666666667,0,0.020300655738998027,0.3,0.1254042776887419,2.3740721640971616e-07,0.01954610733018196,0.0,0.11750479562960855,0.0001645725428986114,0.1941150888584245,0.0,0.1902187427512414,0.0012296691260049186,0.7814494946190358,0.1254042776887419,1.0,0.8459098862642169,0.0,2,2.0,247.28058186049205,200.71622776601686,0.8710064656509915,0.13656725519622565,3.2422051908851275e-08,0.1279645934515815,0.9999999999755866,0.0
73452,0.65,1.0,1.3150810107508223e-07,0.2,0.8175744761936437,0.6246719160104987,1.0,0.0,0.21645589651747058,708.2034732897931,0.7082034732897932,0.2,0,0.07082034732897931,0.2,0.65,1.3150810107508223e-07,0.2,0.8175744761936437,0.6246719160104987,0.0,0.14069633273635587,0.0,0.4423948205852251,0.0,0.840020088423032,0.03992368014449103,1.0,0.6897965879265092,0.0,2,3.0,0.0,300.0,0.905592080065845,0.28488737873952946,3.746499819829327e-08,0.17796114472443048,0.9999999999755866,0.0
57248,0.65,0.5,8.814774678312224e-10,0.2,0.8175744761936437,0.6246719160104987,1.0,0.0,0.497381892849143,700.0344245837321,0.7000344245837319,0.575,1,0.0700034424583732,0.4,0.65,8.814774678312224e-10,0.2,0.8175744761936437,0.6246719160104987,0.0,0.323298230351943,8.814774678312224e-10,0.4372918452780267,0.0,0.9602675610381604,0.04642146491584724,1.0,0.6506999125109362,0.0,1,1.0,353.5533905932738,100.2,0.9374767141057506,0.39391750110788787,3.4722940141098377e-10,0.24606920016713205,0.9999999999755866,0.0
68857,0.65,0.5,3.096503210755959e-07,0.2,0.8175744761936437,0.6246719160104987,1.0,0.0,0.17140865071673872,526.3089429780041,0.526308942978004,0.2,0,0.05263089429780041,0.1,0.65,3.096503210755959e-07,0.2,0.8175744761936437,0.6246719160104987,0.0,0.11141562296588017,0.0,0.32877041582353006,0.0,0.6883995860888694,0.06450978188865523,1.0,0.6333661417322834,0.0,2,2.0,161.6345913867823,101.63245553203367,0.7382418115829458,0.391864042444678,1.2134082656097547e-07,0.24478646220953637,0.9999999999755866,0.0
3933,0.0,0.0,1.2326632777311305e-32,0.0,0.0,0.0,0.0,0.0,0.0,0.0,0.0,0.0,0,0.0,0.0,0.0,0.0,0.0,0.0,0.0,0.0,0.0,0.0,0.0,0.0,0.0,0.0,0.0,0.0,0.0,1,1.0,0.0,100.0,0.0,0.3768051380544606,0.0,0.0,0.9999999999755866,0.0
75412,0.0,1.0,5.059263659024537e-06,0.2,0.6224593312018546,0.25,0.0,0.0,0.19077792790271075,159.73685269490642,0.15973685269490642,0.5,0,0.015973685269490643,0.1,0.0,0.0,0.0,0.0,0.0,0.0,0.0,0.0,0.039934213173726606,0.0,0.0,0.0,0.0,0.41133530183727035,0.0,1,3.0,0.0,300.0,0.0,0.3077839336497908,0.0,0.0769459834124477,0.9999999999755866,0.0
102117,0.0,0.0,1.6788817142794452e-09,0.0,0.0,0.0,0.0,0.0,0.0,0.0,0.0,0.0,0,0.0,0.0,0.0,0.0,0.0,0.0,0.0,0.0,0.0,0.0,0.0,0.0,0.0,0.0,0.0,0.0,0.0,1,1.0,316.22776601683796,100.22360679774998,0.0,0.2458247949558982,0.0,0.0,0.9999999999755866,0.0
47362,1.0,0.0,0.005158021641752058,0.7,0.0,0.937007874015748,0.07255726099448119,0.005249343832020997,0.1911710288690022,161.77703913452675,0.16177703913452673,0.5,0,0.016177703913452676,0.1,0.07255726099448119,0.00037425192247578644,0.05079008269613683,0.0,0.06798672486884458,0.0003808780104697175,0.1911710288690022,0.0,0.15158635950400537,0.004918676504019674,0.7294466551916319,0.07137615863227646,1.0,0.7287839020122485,0.0,1,1.0,0.0,100.0,0.8022837276238399,0.29359814944960616,0.00010987967186684837,0.2751037778307333,0.9999999999755866,0.0
66716,0.65,0.0,1.6795154217000504e-07,0.2,0.8175744761936437,0.6246719160104987,0.06450978188865523,0.0013123359580052493,0.0,0.0,0.0,0.0,0,0.0,0.0,0.041931358227625906,1.0834517353250307e-08,0.012901956377731047,0.052741551136983505,0.04029744905380563,8.465850641555805e-05,0.0,0.0,0.0,0.0008197794173366124,0.9610376451115025,0.0649034826760568,1.0,0.6246719160104987,0.0,1,1.0,0.0,100.0,0.9234237397056018,0.46191063588448755,5.004578800141364e-09,0.28854260194359066,0.9999999999755866,0.0
79289,0.65,1.0,0.0021508604649971026,0.2,0.8175744761936437,0.6246719160104987,1.0,0.0,0.48864944523612636,946.6496057634093,0.9466496057634093,0.3875,1,0.09466496057634094,0.4,0.65,0.0021508604649971026,0.2,0.8175744761936437,0.6246719160104987,0.0,0.31762213940348216,0.0021508604649971026,0.591345423022812,0.0,0.9200920652088914,0.04071108171929419,1.0,0.6246719160104987,0.0,1,1.0,0.0,100.0,0.8742755207211569,0.3206164852802412,0.0006896013226155963,0.20028011416456012,0.9999999999755866,0.0
62633,0.0,0.0,1.6415360278020568e-12,0.0,0.0,0.0,0.0,0.0,0.0,0.0,0.0,0.0,0,0.0,0.0,0.0,0.0,0.0,0.0,0.0,0.0,0.0,0.0,0.0,0.0,0.0,0.0,0.0,0.0,0.0,2,2.0,70.71067811865476,101.0,0.0,0.2551483749388065,0.0,0.0,0.9999999999755866,0.0
70806,0.0,0.8081037433432849,2.824613177816543e-09,0.1887803376837275,0.6224593312018546,0.25,0.0,0.0,0.18390263660228298,435.4530670816451,0.43545306708164505,0.23333333333333334,0,0.04354530670816451,0.3,0.0,0.0,0.0,0.0,0.0,0.0,0.0,0.0,0.10886326677041126,0.0,0.0,0.0,0.0,0.6383087983567272,0.0,2,2.0,141.4213562373095,100.5,0.0,0.12211900821439503,0.0,0.030529752053598758,0.9999999999755866,0.0
63392,1.0,0.011361562072178012,4.1640527244648556e-13,0.2,0.8175744761936437,0.937007874015748,1.0,0.0,0.6930624666650973,1653.333062987873,1.6533330629878733,0.415,1,0.1653333062987873,1.0,1.0,4.1640527244648556e-13,0.2,0.8175744761936437,0.937007874015748,0.0,0.6930624666650973,4.1640527244648556e-13,1.549186098390212,0.0,0.9602675610381602,0.04642146491584724,1.0,0.6897419072615923,0.0,1,1.0,0.0,100.0,0.9687351299972409,0.3053528587349502,1.2715054033384015e-13,0.28611803298786675,0.9999999999755866,0.0
87970,1.0,0.0,0.23785979774925406,0.2,0.6224593312018546,0.937007874015748,1.0,0.0,0.15641110793065283,448.4719849352385,0.4484719849352385,0.2,0,0.04484719849352385,0.1,1.0,0.23785979774925406,0.2,0.6224593312018546,0.937007874015748,0.0,0.15641110793065283,0.0,0.4202217811597904,0.0,0.7600063762691729,0.03976303788509043,1.0,0.7678258967629047,0.0,1,1.0,0.0,100.0,0.8269070561411477,0.13929769304012646,0.033133321093462155,0.13052303521082714,0.9999999999755866,0.0
16725,0.0,0.0,1.1324214379824448e-09,0.7,0.0,0.937007874015748,1.0,0.0,0.22295387985775378,171.03000140890043,0.17103000140890046,0.6,0,0.017103000140890043,0.1,0.0,1.1324214379824448e-09,0.7,0.0,0.937007874015748,0.0,0.0,0.0,0.1602564580130642,0.0,0.7198157010737777,0.03886193124057833,1.0,0.937007874015748,0.0,2,3.0,212.13203435596427,200.33333333333334,0.8267445615003339,0.005798067258611095,6.565855662515307e-12,0.005432834675391498,0.9999999999755866,0.0
73126,1.0,0.05870873957403819,3.1140528019651314e-09,0.2,0.8175744761936437,0.6246719160104987,0.06765938818786783,0.011811023622047244,0.4588581576635272,767.3809889053293,0.7673809889053292,0.37,1,0.07673809889053293,0.5,0.06765938818786783,2.1069490736567633e-10,0.013531877637573568,0.05531658885727844,0.0422649196554135,0.0007991266321401712,0.4588581576635272,3.1140528019651314e-09,0.47936135264952323,0.007378014756029511,0.570832588706346,0.04149848329409733,1.0,0.5275863954505686,0.0,1,1.0,0.0,100.0,0.7542453862081748,0.15274419564730135,3.2182424152552897e-11,0.0954150093544822,0.9999999999755866,0.0
71640,0.65,0.48590386093175514,7.324164846987381e-09,0.7,0.8175744761936437,0.6246719160104987,1.0,0.0,0.42032779908982404,105.50088554001988,0.10550088554001988,0.8,1,0.010550088554001988,0.1,0.65,7.324164846987381e-09,0.7,0.8175744761936437,0.6246719160104987,0.0,0.27321306940838563,7.324164846987381e-09,0.06590344031108852,0.0,0.6403650808415856,0.03992368014449103,1.0,0.6594488188976378,0.0,1,1.0,0.0,100.0,0.7326765490424622,0.003705818403414163,2.7142024879604914e-11,0.002314920682447692,0.9999999999755866,0.0
91582,0.0,0.0,0.052318960240407136,0.7,0.6224593312018546,0.25,1.0,0.0,0.0,0.0,0.0,0.0,0,0.0,0.0,0.0,0.052318960240407136,0.7,0.6224593312018546,0.25,0.0,0.0,0.0,0.0,0.0,0.8048323318080252,0.06264401157615844,1.0,0.3280566491688539,0.0,1,1.0,353.5533905932738,100.2,0.8158409027548812,0.49437494776302254,0.02586518323586693,0.12359373694075564,0.9999999999755866,0.0
1506,0.0,0.0,1.419003608756259e-37,0.0,0.0,0.0,0.0,0.0,0.0,0.0,0.0,0.0,0,0.0,0.0,0.0,0.0,0.0,0.0,0.0,0.0,0.0,0.0,0.0,0.0,0.0,0.0,0.0,0.0,0.0,1,4.0,0.0,400.0,0.0,0.07745160939462786,0.0,0.0,0.9999999999755866,0.0
29718,0.0,0.0,2.647347096106106e-18,0.0,0.0,0.0,0.0,0.0,0.0,0.0,0.0,0.0,0,0.0,0.0,0.0,0.0,0.0,0.0,0.0,0.0,0.0,0.0,0.0,0.0,0.0,0.0,0.0,0.0,0.0,1,1.0,0.0,100.0,0.0,0.32880313656262694,0.0,0.0,0.9999999999755866,0.0
69514,1.0,0.0,1.8832457654084094e-10,0.2,0.8175744761936437,0.937007874015748,1.0,0.0,0.1423186121874712,206.65782991016403,0.20665782991016404,0.275,0,0.0206657829910164,0.2,1.0,1.8832457654084094e-10,0.2,0.8175744761936437,0.937007874015748,0.0,0.1423186121874712,0.0,0.19364001385283086,0.0,0.9609357922565195,0.0624590141564658,1.0,0.6506999125109362,0.0,1,1.0,0.0,100.0,0.9385154484563684,0.2324509360161276,4.377622409175934e-11,0.2178083573694424,0.9999999999755866,0.0
74137,1.0,0.0,3.019287439801921e-07,0.2,0.8175744761936437,0.8333333333333334,1.0,0.0,0.19125282770027247,629.2998391062387,0.6292998391062387,0.2,0,0.06292998391062386,0.1,1.0,3.019287439801921e-07,0.2,0.8175744761936437,0.8333333333333334,0.0,0.19125282770027247,0.0,0.5244165325885323,0.0,0.7656147535391163,0.06206531336906422,1.0,0.8981299212598425,0.0,3,3.0,152.75252316519467,101.33333333333333,0.8309287779497329,0.18351366642293915,5.540805080627797e-08,0.1529280553524493,0.9999999999755866,0.0
41349,1.0,0.5503832595195965,8.69143001328473e-08,0.7,0.6224593312018546,0.6246719160104987,1.0,0.0,0.17571073400607493,392.93725047313785,0.3929372504731378,0.23333333333333334,0,0.039293725047313786,0.3,1.0,8.69143001328473e-08,0.7,0.6224593312018546,0.6246719160104987,0.0,0.17571073400607493,0.0,0.2454568651249522,0.0,1.0,1.0,1.0,0.7940179352580927,0.0,1,1.0,0.0,100.0,0.8526526397315091,0.1355813115706509,1.1783954806256634e-08,0.08469383767405489,0.9999999999755866,0.0
18675,0.0,0.0,5.870937128147971e-25,0.0,0.0,0.0,0.0,0.0,0.0,0.0,0.0,0.0,0,0.0,0.0,0.0,0.0,0.0,0.0,0.0,0.0,0.0,0.0,0.0,0.0,0.0,0.0,0.0,0.0,0.0,2,8.0,0.0,800.0,0.0,0.10815062280823151,0.0,0.0,0.9999999999755866,0.0
72013,1.0,0.24480965901046506,9.297514557175203e-09,0.2,0.8175744761936437,0.937007874015748,0.0,0.0013123359580052493,0.0,0.0,0.0,0.0,0,0.0,0.0,0.0,0.0,0.0,0.0,0.0,0.0,0.0,0.0,0.0,0.0012296691260049186,0.15184717372438677,0.15184717372438677,0.15184717372438677,0.41133530183727035,0.0,1,1.0,0.0,100.0,0.682188753138771,0.38122044997623744,0.0,0.35720656336356105,0.9999999999755866,0.0
54816,1.0,0.0,4.377073982135175e-06,0.2,0.8175744761936437,0.937007874015748,1.0,0.0,0.11250524187964228,220.60138623860357,0.22060138623860356,0.2,0,0.022060138623860356,0.1,1.0,4.377073982135175e-06,0.2,0.8175744761936437,0.937007874015748,0.0,0.11250524187964228,0.0,0.20670523592436083,0.0,1.0,1.0,1.0,0.6945731048324841,0.0,1,1.0,196.6235468181827,102.17471669421364,1.0,0.49367186775919164,2.1608382880808346e-06,0.46257442727042364,0.9999999999755866,0.0
45591,1.0,0.023705992044463678,0.005391185231806765,0.2,0.8175744761936437,0.937007874015748,1.0,0.0,0.2065473103792874,656.7781021805719,0.6567781021805719,0.2,0,0.06567781021805719,0.2,1.0,0.005391185231806765,0.2,0.8175744761936437,0.937007874015748,0.0,0.2065473103792874,0.0,0.6154062532243154,0.0,1.0,1.0,1.0,0.8328958880139983,0.0,1,3.0,0.0,300.0,0.9851954125919007,0.4329738187496694,0.002334242057402197,0.4056998774111075,0.9999999999755866,0.0
35780,1.0,0.0,0.0001605972621806409,0.2,0.8175744761936437,0.8333333333333334,1.0,0.0,0.45868903297375374,752.2307880197347,0.7522307880197348,0.4125,1,0.07522307880197347,0.4,1.0,0.0001605972621806409,0.2,0.8175744761936437,0.8333333333333334,0.0,0.45868903297375374,0.0001605972621806409,0.6268589900164456,0.0,0.8334645669291337,0.0003937007874015748,1.0,0.8722112860892388,0.0,1,1.0,0.0,100.0,0.8423362630436827,0.17834561140226068,2.8641816913135556e-05,0.14862134283521725,0.9999999999755866,0.0
17909,0.0,0.2657875857480966,0.8475314842668517,0.13226464614452474,0.0,0.6246719160104987,1.0,0.0,0.4334353040604211,510.8773311309549,0.5108773311309548,0.5166666666666667,1,0.05108773311309549,0.3,0.0,0.8475314842668517,0.13226464614452474,0.0,0.6246719160104987,0.0,0.0,0.8475314842668517,0.3191307212839035,0.0,1.0,1.0,1.0,0.6506999125109362,0.0,1,1.0,0.0,100.0,0.9848238444833776,0.1074390179803359,0.09105795037704704,0.06711413721606284,0.9999999999755866,0.0
76541,1.0,0.25185466512373494,2.2866237945806783e-05,0.2,0.8175744761936437,0.937007874015748,0.03992368014449103,0.0013123359580052493,0.18943185640467855,619.849033173968,0.619849033173968,0.2,0,0.0619849033173968,0.1,0.03992368014449103,9.129043698562137e-07,0.007984736028898208,0.03264058188185483,0.03740880265507428,5.239328102951579e-05,0.18943185640467855,0.0,0.5808034247850566,0.0012296691260049186,0.7200925694384687,0.03992368014449103,1.0,0.7938538932633421,0.0,1,1.0,282.842712474619,100.25,0.811248701244379,0.18629843938108598,1.7007265940838632e-07,0.1745631046169231,0.9999999999755866,0.0
90349,0.0,0.0,0.007384223965649508,0.7,0.6224593312018546,0.25,0.06264401157615844,0.0013123359580052493,0.28367065862455965,434.24910584769884,0.4342491058476989,0.6,0,0.04342491058476988,0.2,0.0,0.00046257741158509433,0.043850808103310907,0.03899334954949682,0.01566100289403961,8.220998894508981e-05,0.0,0.0,0.10856227646192472,0.00032808398950131233,0.9221002555578557,0.0650062163005679,1.0,0.3124453193350831,0.0,1,1.0,353.5533905932738,100.2,0.923380527604345,0.4147445724928966,0.00019185147081273062,0.10368614312322415,0.9999999999755866,0.0
81305,0.65,0.0,0.11969480382657816,0.2,0.18242552380635635,0.6246719160104987,1.0,0.0,0.2136967791046299,122.98582689338923,0.12298582689338923,0.6,0,0.012298582689338923,0.1,0.65,0.11969480382657816,0.2,0.18242552380635635,0.6246719160104987,0.0,0.13890290641800943,0.0,0.07682579212762897,0.0,0.9629662460824213,0.11118990597811128,1.0,0.7519685039370079,0.0,1,1.0,0.0,100.0,0.9561783082712869,0.3677257088689975,0.04401485658506405,0.2297079231255155,0.9999999999755866,0.0
101026,0.0,0.0,9.176798753189946e-07,0.0,0.0,0.0,0.0,0.0,0.0,0.0,0.0,0.0,0,0.0,0.0,0.0,0.0,0.0,0.0,0.0,0.0,0.0,0.0,0.0,0.0,0.0,0.0,0.0,0.0,0.0,1,1.0,0.0,100.0,0.0,0.09333999254281888,0.0,0.0,0.9999999999755866,0.0
49817,0.0,0.20375014549829287,0.026049790502851257,0.2,0.8175744761936437,0.6246719160104987,0.07373836335668592,0.009186351706036745,0.16203725098442895,75.44805246243006,0.07544805246243007,0.425,0,0.007544805246243006,0.2,0.0,0.001920868917464792,0.014747672671337184,0.06028660379671906,0.046062284721499334,0.0006773865400220491,0.0,0.0,0.04713027949096681,0.005738455921356286,0.6134178876190914,0.07137615863227646,1.0,0.8198818897637795,0.0,1,2.0,0.0,200.0,0.8022837276238399,0.011796895962257803,2.266029077646692e-05,0.007369189603720097,0.9999999999755866,0.0
59408,1.0,0.0,6.383320049457588e-10,0.2,0.8175744761936437,0.937007874015748,0.128258912485653,0.0026246719160104987,0.0,0.0,0.0,0.0,0,0.0,0.0,0.128258912485653,8.18717687591295e-11,0.0256517824971306,0.10486121319262413,0.1201796109117536,0.0003366375655791417,0.0,0.0,0.0,0.002459338252009837,0.8187153574240122,0.12865261327305458,1.0,0.937007874015748,0.0,1,1.0,199.2074865096212,101.47015913969467,0.8002316182263444,0.4436972599289014,3.632627946395839e-11,0.41574782623259265,0.9999999999755866,0.0
47371,0.0,0.0,0.011776590535301636,0.2,0.0,0.937007874015748,1.0,0.0,0.23730383276310849,245.50598045034872,0.24550598045034872,0.6,0,0.02455059804503487,0.1,0.0,0.011776590535301636,0.2,0.0,0.937007874015748,0.0,0.0,0.0,0.23004103679993304,0.0,0.6523730148676811,0.07137615863227646,1.0,0.8818897637795275,0.0,1,1.0,0.0,100.0,0.74177115354164,0.45362858285540514,0.005342198075397258,0.42505355401411976,0.9999999999755866,0.0
101015,0.0,0.0,3.485767929955772e-08,0.0,0.0,0.0,0.0,0.0,0.0,0.0,0.0,0.0,0,0.0,0.0,0.0,0.0,0.0,0.0,0.0,0.0,0.0,0.0,0.0,0.0,0.0,0.0,0.0,0.0,0.0,2,4.0,70.71067811865476,301.0,0.0,0.4248439894497493,0.0,0.0,0.9999999999755866,0.0
70087,1.0,0.20119563890674133,3.434303654001028e-08,0.11744857231838712,0.8175744761936437,0.937007874015748,0.04071108171929419,0.003937007874015748,0.4144772279458665,561.6972273966601,0.5616972273966602,0.3875,1,0.05616972273966601,0.4,0.04071108171929419,1.398142167069065e-09,0.004781458425468291,0.03328434131192857,0.038146604130677234,0.0001602798492885598,0.4144772279458665,3.434303654001028e-08,0.5263147248834847,0.003689007378014756,0.8033198299397238,0.04031738093189261,1.0,0.7374781277340332,0.0,2,3.0,159.95254170808752,200.81622776601685,0.7987664225236384,0.39429680210455204,5.512829853628607e-10,0.36945920827119444,0.9999999999755866,0.0
97429,1.0,0.0,0.0020736262131577925,0.7,0.6224593312018546,0.937007874015748,1.0,0.0,0.09859692908396289,148.41751085554222,0.14841751085554222,0.2,0,0.014841751085554222,0.1,1.0,0.0020736262131577925,0.7,0.6224593312018546,0.937007874015748,0.0,0.09859692908396289,0.0,0.13906837631346083,0.0,1.0,1.0,1.0,0.8736733995207121,0.0,1,1.0,300.0,100.23570226039551,0.9537472936906992,0.4034004102353185,0.0008365016650625634,0.3779893607716764,0.9999999999755866,0.0
1421,0.0,0.0,1.0200579571077838e-22,0.0,0.0,0.0,0.0,0.0,0.0,0.0,0.0,0.0,0,0.0,0.0,0.0,0.0,0.0,0.0,0.0,0.0,0.0,0.0,0.0,0.0,0.0,0.0,0.0,0.0,0.0,1,1.0,0.0,100.0,0.0,0.28716273134397463,0.0,0.0,0.9999999999755866,0.0
54177,1.0,0.0,2.2587063372034962e-08,0.2,0.8175744761936437,0.937007874015748,1.0,0.0,0.14886729658401887,305.52013484184556,0.30552013484184554,0.2,0,0.030552013484184556,0.3,1.0,2.2587063372034962e-08,0.2,0.8175744761936437,0.937007874015748,0.0,0.14886729658401887,0.0,0.28627477201716234,0.0,0.8830544335426773,0.04681516570324882,1.0,0.8459098862642169,0.0,2,2.0,0.0,200.0,0.8788479452035738,0.12467913601414671,2.816135546322098e-09,0.11682533217073589,0.9999999999755866,0.0
54178,1.0,0.0,3.304436414424861e-08,0.2,0.8175744761936437,0.937007874015748,1.0,0.0,0.13212099280558656,270.50694823952006,0.2705069482395201,0.2,0,0.027050694823952004,0.2,1.0,3.304436414424861e-08,0.2,0.8175744761936437,0.937007874015748,0.0,0.13212099280558656,0.0,0.25346714047640073,0.0,0.8830544335426772,0.04681516570324882,1.0,0.8979658792650919,0.0,2,2.0,0.0,200.0,0.8788479452035737,0.42284140603357717,1.3972525396239605e-08,0.3962057269133518,0.9999999999755866,0.0
42805,1.0,0.0,4.834485110125784e-06,0.12225667453743518,0.0,0.6246719160104987,1.0,0.0,0.1850967566932402,597.3499492131282,0.5973499492131282,0.2,0,0.05973499492131282,0.1,1.0,4.834485110125784e-06,0.12225667453743518,0.0,0.6246719160104987,0.0,0.1850967566932402,0.0,0.37314773730373885,0.0,1.0,1.0,1.0,0.6246719160104987,0.0,1,1.0,0.0,100.0,0.8996817352349671,0.16649846475827162,8.049343487326668e-07,0.10400691499335603,0.9999999999755866,0.0
50714,0.0,0.0,0.0071986312727981994,0.2,0.8175744761936437,0.0,0.049750100751133494,0.009186351706036745,0.13605976526611058,239.04929411530227,0.23904929411530224,0.2,0,0.02390492941153023,0.3,0.0,0.0003581326310919708,0.0099500201502267,0.04067441256218896,0.0,0.00045702192291067513,0.0,0.0,0.0,0.0,0.4848711995866541,0.04738789602672404,1.0,0.8033370828646419,0.0,1,2.0,0.0,200.0,0.641328261816711,0.1381991521554483,4.949362597611031e-05,0.0,0.9999999999755866,0.0
97086,0.0,0.6360407716251568,0.002993935529955645,0.2,0.37754066879814546,0.6246719160104987,1.0,0.0,0.23735315675815502,764.7600439382986,0.7647600439382987,0.2,0,0.07647600439382986,0.3,0.0,0.002993935529955645,0.2,0.37754066879814546,0.6246719160104987,0.0,0.0,0.0,0.47772412193521013,0.0,0.8828305014470198,0.06264401157615844,1.0,0.6710411198600175,0.0,2,2.0,141.4213562373095,100.5,0.9231804501550098,0.31969388278597594,0.0009571428743824087,0.19970379029675137,0.9999999999755866,0.0
79763,1.0,0.0,0.3780196759880484,0.7,0.37754066879814546,0.937007874015748,0.10922140204110341,0.009186351706036745,0.17521141563434506,546.0452196174571,0.546045219617457,0.2,0,0.05460452196174571,0.1,0.10922140204110341,0.04128783901053828,0.07645498142877238,0.04123552117366931,0.10234131372355358,0.0010033462129760155,0.17521141563434506,0.0,0.5116486703502157,0.008607683882034431,0.8148312304121065,0.10685919731669395,1.0,0.9214785651793526,0.0,1,1.0,0.0,100.0,0.883286297208437,0.029698077538567846,0.001226169444334872,0.027827332496768296,0.9999999999755866,0.0
391,0.0,0.0,1.737135153563929e-13,0.0,0.0,0.0,0.0,0.0,0.0,0.0,0.0,0.0,0,0.0,0.0,0.0,0.0,0.0,0.0,0.0,0.0,0.0,0.0,0.0,0.0,0.0,0.0,0.0,0.0,0.0,1,13.0,0.0,1300.0,0.0,0.23098187420484495,0.0,0.0,0.9999999999755866,0.0
103561,0.0,0.0,7.771058652617911e-08,0.0,0.0,0.0,0.0,0.0,0.12591033341597965,212.32384204760874,0.21232384204760874,0.25,0,0.021232384204760875,0.1,0.0,0.0,0.0,0.0,0.0,0.0,0.0,0.0,0.0,0.0,1.0,1.0,1.0,0.5796150481189851,0.0,1,1.0,0.0,100.0,0.9392112000893258,0.060263574414514964,0.0,0.0,0.9999999999755866,0.0
60319,0.65,0.5000000000000002,1.8807790367841943e-11,0.2,0.8175744761936437,0.6246719160104987,1.0,0.0,0.25395640997690583,383.8323425692551,0.38383234256925514,0.5,0,0.03838323425692551,0.3,0.65,1.8807790367841943e-11,0.2,0.8175744761936437,0.6246719160104987,0.0,0.1650716664849888,0.0,0.2397692848595347,0.0,0.8809831293087066,0.04642146491584724,1.0,0.6246719160104987,0.0,1,2.0,0.0,200.0,0.9063022016607558,0.1467630270887501,2.7602882472351205e-12,0.09167874133103025,0.9999999999755866,0.0
4668,0.0,0.0,4.515356622991356e-13,0.0,0.0,0.0,0.0,0.0,0.0,0.0,0.0,0.0,0,0.0,0.0,0.0,0.0,0.0,0.0,0.0,0.0,0.0,0.0,0.0,0.0,0.0,0.0,0.0,0.0,0.0,2,2.0,0.0,200.0,0.0,0.20120956535750534,0.0,0.0,0.9999999999755866,0.0
97569,0.0,0.0,1.0478534069980267e-12,0.0,0.0,0.0,0.0,0.0,0.0,0.0,0.0,0.0,0,0.0,0.0,0.0,0.0,0.0,0.0,0.0,0.0,0.0,0.0,0.0,0.0,0.0,0.0,0.0,0.0,0.0,1,2.0,0.0,200.0,0.0,0.41069169919711107,0.0,0.0,0.9999999999755866,0.0
75960,0.65,0.0,6.8588957776959256e-06,0.7,0.8175744761936437,0.6246719160104987,1.0,0.0,0.33049823158269903,690.2582589108453,0.6902582589108451,0.525,0,0.06902582589108452,0.4,0.65,6.8588957776959256e-06,0.7,0.8175744761936437,0.6246719160104987,0.0,0.21482385052875438,0.0,0.4311849491359085,0.0,0.8827581641711331,0.06206531336906422,1.0,0.6246719160104987,0.0,1,1.0,0.0,100.0,0.9231459240982776,0.3320590063860098,2.2775581168469073e-06,0.20742793574769117,0.9999999999755866,0.0
12732,0.0,0.1118264607104557,8.439273882905964e-10,0.7,0.0,0.937007874015748,1.0,0.0,0.3847630159802738,388.0186121826646,0.3880186121826646,0.4,1,0.03880186121826646,0.4,0.0,8.439273882905964e-10,0.7,0.0,0.937007874015748,0.0,0.0,8.439273882905964e-10,0.3635764948798196,0.0,0.8398431302723798,0.03846823045317675,1.0,0.7548118985126859,0.0,1,1.0,0.0,100.0,0.811181823055459,0.4430580177718573,3.7390879579941217e-10,0.4151488512980395,0.9999999999755866,0.0
17953,0.0,0.0,1.1083272142651467e-09,0.7,0.0,0.937007874015748,1.0,0.0,0.42456844798015525,49.66006062384464,0.04966006062384464,0.85,1,0.004966006062384464,0.1,0.0,1.1083272142651467e-09,0.7,0.0,0.937007874015748,0.0,0.0,1.1083272142651467e-09,0.046531867828641826,0.0,0.8398431302723798,0.03846823045317675,1.0,0.937007874015748,0.0,2,3.0,212.13203435596427,100.66666666666667,0.9055005539699651,0.144854701600162,1.6054640789771666e-10,0.13572999598755336,0.9999999999755866,0.0
92798,0.65,0.0,0.3592985324279906,0.7,0.6224593312018546,0.6246719160104987,1.0,0.0,0.5022486046916632,942.1596171523142,0.9421596171523142,0.3357142857142857,1,0.09421596171523143,0.7,0.65,0.3592985324279906,0.7,0.6224593312018546,0.6246719160104987,0.0,0.3264615930495811,0.3592985324279906,0.588540653234254,0.0,0.7658250448887903,0.06264401157615844,1.0,0.7896981627296588,0.0,1,1.0,0.0,100.0,0.8311234909218916,0.18213200089750559,0.06543976063064723,0.11377274596747067,0.9999999999755866,0.0
68632,0.0,1.0,3.60417080373077e-11,0.2,0.8175744761936437,0.25,0.0,0.0,0.0,0.0,0.0,0.0,0,0.0,0.0,0.0,0.0,0.0,0.0,0.0,0.0,0.0,0.0,0.0,0.0,1.0,1.0,1.0,0.4555719597550306,0.0,1,1.0,0.0,100.0,1.0,0.3082503286828459,0.0,0.07706258217071148,0.9999999999755866,0.0
56966,1.0,0.0,1.3658303927173895e-07,0.2,0.8175744761936437,0.937007874015748,1.0,0.0,0.22482275404625077,258.5791333678303,0.2585791333678303,0.55,0,0.025857913336783032,0.1,1.0,1.3658303927173895e-07,0.2,0.8175744761936437,0.937007874015748,0.0,0.22482275404625077,0.0,0.24229068402182521,0.0,1.0,1.0,1.0,0.937007874015748,0.0,2,7.0,180.63681286928588,103.27735009811262,0.9857027083884959,0.24073272531179696,3.288000727525391e-08,0.22556845915042392,0.9999999999755866,0.0
37264,1.0,0.0,3.042648960986377e-08,0.2,0.0,0.6246719160104987,0.06194908621696259,0.009186351706036745,0.24614203308247792,758.4743354010482,0.7584743354010482,0.23333333333333334,0,0.07584743354010481,0.3,0.06194908621696259,1.8848932281209672e-09,0.012389817243392519,0.0,0.03869785438224959,0.0005690860938566117,0.24614203308247792,0.0,0.4737976163397624,0.005738455921356286,0.4951043114646343,0.05958688149255313,1.0,0.6246719160104987,0.0,1,1.0,0.0,100.0,0.6327443932863435,0.038635499114204164,7.282379064543705e-11,0.024134511257691837,0.9999999999755866,0.0
88188,0.0,0.0,0.00018401880923099364,0.7,0.6224593312018546,0.6246719160104987,1.0,0.0,0.24101133958479015,731.8461350214285,0.7318461350214286,0.2,0,0.07318461350214285,0.4,0.0,0.00018401880923099364,0.7,0.6224593312018546,0.6246719160104987,0.0,0.0,0.0,0.4571637273887139,0.0,1.0,1.0,1.0,0.6246719160104987,0.0,1,1.0,0.0,100.0,0.9385727582135908,0.49713646969059927,9.148246117776404e-05,0.31054719104032186,0.9999999999755866,0.0
83721,1.0,0.0,0.07366069031923494,0.7,0.37754066879814546,0.6246719160104987,1.0,0.0,0.12638616801463234,292.6431253804544,0.2926431253804544,0.2,0,0.029264312538045442,0.1,1.0,0.07366069031923494,0.7,0.37754066879814546,0.6246719160104987,0.0,0.12638616801463234,0.0,0.18280594183870905,0.0,0.9628022040876706,0.10725289810409552,1.0,0.6713223347081615,0.0,1,2.0,0.0,200.0,0.9707231491052588,0.47484254691028893,0.03497722979835559,0.2966208035817553,0.9999999999755866,0.0
68334,1.0,0.0,2.4907589174221555e-11,0.2,0.8175744761936437,0.937007874015748,0.0,0.0,0.19043900676699746,157.97785853188947,0.15797785853188948,0.5,0,0.015797785853188948,0.1,0.0,0.0,0.0,0.0,0.0,0.0,0.19043900676699746,0.0,0.14802649736452636,0.0,0.0,0.0,0.0,0.8378952630921135,0.0,2,2.0,70.71067811865476,101.0,0.0,0.34103330763504264,0.0,0.3195508945556699,0.9999999999755866,0.0
72549,0.65,0.38533817088581857,3.4899960635593686e-08,0.2,0.8175744761936437,0.6246719160104987,1.0,0.0,0.21238426963030313,738.9716154999635,0.7389716154999635,0.2,0,0.07389716154999634,0.1,0.65,3.4899960635593686e-08,0.2,0.8175744761936437,0.6246719160104987,0.0,0.13804977525969703,0.0,0.4616148149317357,0.0,0.8800560768159617,0.04031738093189261,1.0,0.7157699037620298,0.0,1,1.0,0.0,100.0,0.8741464384957794,0.16725385690734074,5.837153022217411e-09,0.10447878725445431,0.9999999999755866,0.0
64337,1.0,0.0,8.309209310847081e-13,0.2,0.8175744761936437,0.6246719160104987,0.12904631406045614,0.005249343832020997,0.17069115483265773,237.1362130691583,0.2371362130691583,0.31666666666666665,0,0.02371362130691583,0.3,0.12904631406045614,1.0722728343216387e-13,0.025809262812091227,0.10550497262269785,0.08061160825823768,0.0006774084727583,0.17069115483265773,0.0,0.14813233257338496,0.0032791176693464496,0.9274697387701298,0.12786521169825144,1.0,0.6246719160104987,0.0,1,1.0,0.0,100.0,0.9114150929286091,0.30078742004418324,3.225261794190697e-14,0.1878934539908546,0.9999999999755866,0.0
58183,1.0,0.0,6.958969415085105e-09,0.2,0.8175744761936437,0.937007874015748,1.0,0.0,0.6468272508415684,1203.1789643344773,1.2031789643344775,0.75,1,0.12031789643344773,0.4,1.0,6.958969415085105e-09,0.2,0.8175744761936437,0.937007874015748,0.0,0.6468272508415684,6.958969415085105e-09,1.1273881634315182,0.0,0.8910323640607065,0.12786521169825144,1.0,0.937007874015748,0.0,2,2.0,180.63681286928588,100.77735009811262,0.7857729738331185,0.14909691179144707,1.037560849040322e-09,0.13970498034001733,0.9999999999755866,0.0
65548,1.0,0.0,2.434611432947494e-13,0.2,0.8175744761936437,0.937007874015748,0.1298337156352593,0.007874015748031496,0.37975445850984507,973.7005956393375,0.9737005956393378,0.40714285714285714,0,0.09737005956393376,0.7,0.1298337156352593,3.160946484676561e-14,0.025966743127051863,0.1061487320527716,0.12165521386295951,0.0010223127215374748,0.37975445850984507,0.0,0.9123651250478834,0.007378014756029512,0.739496542492459,0.04681516570324882,1.0,0.937007874015748,0.0,1,1.0,0.0,100.0,0.7390951086121217,0.022112056383037204,6.989502689293136e-16,0.02071917094158604,0.9999999999755866,0.0
32011,0.0,0.0,0.009085391070810115,0.474201073272493,0.0,0.8333333333333334,1.0,0.0,0.0,0.0,0.0,0.0,0,0.0,0.0,0.0,0.009085391070810115,0.474201073272493,0.0,0.8333333333333334,0.0,0.0,0.0,0.0,0.0,0.766549486841511,0.06422944342903651,1.0,0.807250656167979,0.0,1,1.0,282.842712474619,100.25,0.6631350283904383,0.047629032629307066,0.00043272838776163,0.039690860524422555,0.9999999999755866,0.0
79301,1.0,0.040882546729288455,0.0021561799046775653,0.2,0.8175744761936437,0.6246719160104987,1.0,0.0,0.16937305181779572,463.8444166300132,0.4638444166300132,0.2,0,0.04638444166300132,0.2,1.0,0.0021561799046775653,0.2,0.8175744761936437,0.6246719160104987,0.0,0.16937305181779572,0.0,0.28975058046704233,0.0,0.800148142024853,0.03992368014449103,1.0,0.6246719160104987,0.0,2,2.0,212.13203435596427,100.33333333333333,0.8584268447663809,0.1658782026574377,0.00035766324719399984,0.10361945467839939,0.9999999999755866,0.0
104763,1.0,0.0,1.0873324847842176e-08,0.2,0.37754066879814546,0.937007874015748,1.0,0.0,0.258348060281619,782.8985258749369,0.7828985258749369,0.225,0,0.07828985258749369,0.4,1.0,1.0873324847842176e-08,0.2,0.37754066879814546,0.937007874015748,0.0,0.258348060281619,0.0,0.7335820833001377,0.0,1.0,1.0,1.0,0.8546041119860017,0.0,2,2.0,212.13203435596427,100.33333333333333,1.0,0.17186747160519394,1.868770849540565e-09,0.16104117418124472,0.9999999999755866,0.0
18649,0.0,0.0,1.4705705558426362e-21,0.0,0.0,0.0,0.0,0.0,0.0,0.0,0.0,0.0,0,0.0,0.0,0.0,0.0,0.0,0.0,0.0,0.0,0.0,0.0,0.0,0.0,0.0,0.0,0.0,0.0,0.0,2,6.0,141.4213562373095,500.5,0.0,0.30714882064895926,0.0,0.0,0.9999999999755866,0.0
66505,0.0,1.0,2.2478913739508725e-12,0.2,0.6224593312018546,0.25,0.0,0.0,0.24159020418635185,34.20303272761657,0.03420303272761657,0.75,0,0.0034203032727616574,0.1,0.0,0.0,0.0,0.0,0.0,0.0,0.0,0.0,0.008550758181904143,0.0,0.0,0.0,0.0,0.28122265966754156,0.0,1,1.0,0.0,100.0,0.0,0.4005379753069808,0.0,0.1001344938267452,0.9999999999755866,0.0
42471,0.25,0.0,6.333457622715612e-07,0.7,0.0,0.25,0.06116168464215943,0.006561679790026247,0.24149589797058546,33.71358528516016,0.03371358528516016,0.75,0,0.0033713585285160158,0.1,0.015290421160539858,3.87364937815013e-08,0.0428131792495116,0.0,0.015290421160539858,0.00040132339004041623,0.060373974492646365,0.0,0.00842839632129004,0.0016404199475065617,0.7660778227353431,0.05958688149255313,1.0,0.25,0.0,2,3.0,180.63681286928585,101.55470019622523,0.7542055690193452,0.3675943917442593,1.4239317869916253e-08,0.09189859793606482,0.9999999999755866,0.0
103593,1.0,0.009250215721486115,5.657270610207526e-09,0.7,0.37754066879814546,0.937007874015748,0.05816730217195152,0.0026246719160104987,0.22374089617512646,369.7388782685732,0.36973887826857327,0.375,0,0.03697388782685732,0.4,0.05816730217195152,3.2906816905244176e-10,0.04071711152036606,0.021960522164182397,0.05450322014537189,0.00015267008444081763,0.22374089617512646,0.0,0.3464482402674033,0.002459338252009837,0.8085912850653507,0.05777360138454994,1.0,0.781003937007874,0.0,1,1.0,353.5533905932738,100.2,0.9092517728482028,0.08217234124520995,2.7040301880313677e-11,0.07699613077307074,0.9999999999755866,0.0
68639,1.0,0.0,3.9864104349961443e-11,0.2,0.8175744761936437,0.937007874015748,0.0,0.0,0.5237435469819441,888.7507088090529,0.8887507088090528,0.475,1,0.0888750708809053,0.6,0.0,0.0,0.0,0.0,0.0,0.0,0.5237435469819441,3.9864104349961443e-11,0.8327664121911598,0.0,0.0,0.0,0.0,0.7933398950131234,0.0,2,2.0,70.71067811865476,101.0,0.0,0.431850332737043,0.0,0.40464716217093005,0.9999999999755866,0.0
101013,0.0,0.0,1.7094757399274742e-08,0.0,0.0,0.0,0.0,0.0,0.0,0.0,0.0,0.0,0,0.0,0.0,0.0,0.0,0.0,0.0,0.0,0.0,0.0,0.0,0.0,0.0,0.0,0.0,0.0,0.0,0.0,2,4.0,70.71067811865476,103.0,0.0,0.2460151103608933,0.0,0.0,0.9999999999755866,0.0
112915,0.0,0.0,5.391497340940821e-23,0.0,0.0,0.0,0.0,0.0,0.0,0.0,0.0,0.0,0,0.0,0.0,0.0,0.0,0.0,0.0,0.0,0.0,0.0,0.0,0.0,0.0,0.0,0.0,0.0,0.0,0.0,1,1.0,0.0,100.0,0.0,0.18150248829375293,0.0,0.0,0.9999999999755866,0.0
56046,0.25,0.0,6.170306845562999e-07,0.2,0.8175744761936437,0.0,1.0,0.0,0.11427570092803423,229.79003458131544,0.22979003458131542,0.2,0,0.022979003458131544,0.1,0.25,6.170306845562999e-07,0.2,0.8175744761936437,0.0,0.0,0.028568925232008557,0.0,0.0,0.0,0.9636610504874271,0.12786521169825144,1.0,0.9087329992841804,0.0,2,7.0,173.33173415443255,601.0662277660168,0.9857027083884959,0.3492303262094404,2.1548582724883092e-07,0.0,0.9999999999755866,0.0
23448,0.65,0.4234347564600106,0.024196687398235616,0.2,0.0,0.6246719160104987,1.0,0.0,0.18097482246440563,575.9571899990991,0.5759571899990992,0.2,0,0.05759571899990991,0.1,0.65,0.024196687398235616,0.2,0.0,0.6246719160104987,0.0,0.11763363460186367,0.0,0.3597842814167601,0.0,0.799762902341787,0.03846823045317675,1.0,0.7506561679790026,0.0,1,1.0,0.0,100.0,0.811072103163888,0.16720990883660208,0.0040459258940067355,0.10445133412890104,0.9999999999755866,0.0
71300,1.0,0.0,1.0445654138294812e-07,0.7,0.8175744761936437,0.937007874015748,0.06884049055007256,0.015748031496062992,0.5126340149827407,1012.7417773409766,1.0127417773409764,0.425,1,0.10127417773409765,0.4,0.06884049055007256,7.190839549966104e-09,0.04818834338505079,0.05628222800238905,0.06450408169652469,0.0010841022133869695,0.5126340149827407,1.0445654138294812e-07,0.9489470197131983,0.014756029512059024,0.6054676011781653,0.03992368014449103,1.0,0.8068678915135608,0.0,1,1.0,0.0,100.0,0.644137234878428,0.32901894045654045,2.3659224097228335e-09,0.308293337908097,0.9999999999755866,0.0
66075,0.65,1.0,0.000637987669436747,0.5953408227128669,0.8175744761936437,0.6246719160104987,0.06529718346345839,0.003937007874015748,0.12689971347303913,295.3084164130727,0.2953084164130727,0.2,0,0.029530841641307266,0.1,0.042443169251247956,4.1658797898635516e-05,0.038874078923968325,0.05338531056705725,0.0407893167042076,0.0002570755254466866,0.08248481375747543,0.0,0.18447087429478032,0.002459338252009837,0.7274439619747423,0.0649034826760568,1.0,0.7417979002624672,0.0,1,1.0,0.0,100.0,0.7701550451139652,0.35102519661501347,1.4623287723113642e-05,0.21927558213746248,0.9999999999755866,0.0
105194,0.0,0.0,3.768975453688579e-12,0.0,0.0,0.0,0.0,0.0,0.0,0.0,0.0,0.0,0,0.0,0.0,0.0,0.0,0.0,0.0,0.0,0.0,0.0,0.0,0.0,0.0,0.0,0.0,0.0,0.0,0.0,1,1.0,0.0,100.0,0.0,0.2632132333602167,0.0,0.0,0.9999999999755866,0.0
43391,0.25,0.0,2.949426929661272e-06,0.7,0.0,0.25,1.0,0.0,0.5222452984398241,323.0518993761424,0.3230518993761424,1.0,1,0.03230518993761424,0.1,0.25,2.949426929661272e-06,0.7,0.0,0.25,0.0,0.13056132460995604,2.949426929661272e-06,0.0807629748440356,0.0,0.6485261829219122,0.05958688149255313,1.0,0.25,0.0,3,5.0,152.75252316519467,201.16666666666666,0.7232497239049924,0.44254361551976773,1.3052500571636671e-06,0.11063590387994193,0.9999999999755866,0.0
75005,0.65,0.3577521924100957,1.900002613960502e-06,0.2,0.8175744761936437,0.6246719160104987,1.0,0.0,0.250084434401293,882.7349368526833,0.8827349368526833,0.2,0,0.08827349368526832,0.2,0.65,1.900002613960502e-06,0.2,0.8175744761936437,0.6246719160104987,0.0,0.16255488236084048,0.0,0.5514197243331722,0.0,0.8402333430162078,0.04071108171929419,1.0,0.6506999125109362,0.0,1,1.0,282.842712474619,100.25,0.9056695294010716,0.41978208173880216,7.975870525975052e-07,0.2622260773066533,0.9999999999755866,0.0
18676,0.0,0.0,4.181487724675384e-25,0.0,0.0,0.0,0.0,0.0,0.0,0.0,0.0,0.0,0,0.0,0.0,0.0,0.0,0.0,0.0,0.0,0.0,0.0,0.0,0.0,0.0,0.0,0.0,0.0,0.0,0.0,2,8.0,0.0,800.0,0.0,0.40177087394950683,0.0,0.0,0.9999999999755866,0.0
103054,0.0,0.0,2.260387226682e-12,0.0,0.0,0.0,0.0,0.0,0.0,0.0,0.0,0.0,0,0.0,0.0,0.0,0.0,0.0,0.0,0.0,0.0,0.0,0.0,0.0,0.0,0.0,0.0,0.0,0.0,0.0,1,1.0,0.0,100.0,0.0,0.1721021590095519,0.0,0.0,0.9999999999755866,0.0
